Aatrox,
Ahri,
Akali,
Alistar,
Amumu,
Anivia,
Annie,
Aphelios,
Ashe,
Aurelion Sol,
Azir,
Bard,
Blitzcrank,
Brand,
Braum,
Caitlyn,
Camille,
Cassiopeia,
Chogath,
Corki,
Darius,
Diana,
Mundo,
Draven,
Ekko,
Elise,
Evelynn,
Ezreal,
Fiddlesticks,
Fiora,
Fizz,
Galio,
Gangplank,
Garen,
Gnar,
Gragas,
Graves,
Hecarim,
Heimerdinger,
Illaoi,
Irelia,
Ivern,
Janna,
Jarvan,
Jax,
Jayce,
Jhin,
Jinx,
Kaisa,
Kalista,
Karma,
Karthus,
Kassadin,
Katarina,
Kayle,
Kayn,
Kennen,
Khazix,
Kindred,
Kled,
Kogmaw,
LeBlanc,
Lee Sin,
Leona,
Lissandra,
Lucian,
Lulu,
Lux,
Malphite,
Malzahar,
Maokai,
Master Yi,
Miss Fortune,
Mordekaiser,
Morgana,
Nami,
Nasus,
Nautilus,
Neeko,
Nidalee,
Nocturne,
Nunu,
Olaf,
Orianna,
Ornn,
Pantheon,
Poppy,
Pyke,
Qiyana,
Quinn,
Rakan,
Rammus,
Reksai,
Renekton,
Rengar,
Riven,
Rumble,
Ryze,
Sejuani,
Senna,
Sett,
Shaco,
Shen,
Shyvana,
Singed,
Sion,
Sivir,
Skarner,
Sona,
Soraka,
Swain,
Sylas,
Syndra,
Tahm Kench,
Taliyah,
Talon,
Taric,
Teemo,
Thresh,
Tristana,
Trundle,
Tryndamere,
Twisted Fate,
Twitch,
Udyr,
Urgot,
Varus,
Vayne,
Veigar,
Velkoz,
Vi,
Viktor,
Vladimir,
Volibear,
Warwick,
Wukong,
Xayah,
Xerath,
Xin Zhao,
Yasuo,
Yorick,
Yuumi,
Zac,
Zed,
Ziggs,
Zilean,
Zoe,
Zyra